,Survived,Sex,Age,SibSp,Parch,Fare,Pclass_1.0,Pclass_2.0,Pclass_3.0,Embarked_C,Embarked_Q,Embarked_S
331,0,male,45.5,0.0,0.0,28.5,1.0,0.0,0.0,0.0,0.0,1.0
733,0,male,23.0,0.0,0.0,13.0,0.0,1.0,0.0,0.0,0.0,1.0
382,0,male,32.0,0.0,0.0,7.925,0.0,0.0,1.0,0.0,0.0,1.0
704,0,male,26.0,1.0,0.0,7.8542,0.0,0.0,1.0,0.0,0.0,1.0
813,0,female,6.0,4.0,2.0,31.275,0.0,0.0,1.0,0.0,0.0,1.0
118,0,male,24.0,0.0,1.0,247.5208,1.0,0.0,0.0,1.0,0.0,0.0
536,0,male,45.0,0.0,0.0,26.55,1.0,0.0,0.0,0.0,0.0,1.0
361,0,male,29.0,1.0,0.0,27.7208,0.0,1.0,0.0,1.0,0.0,0.0
29,0,male,31.8,0.0,0.0,7.8958,0.0,0.0,1.0,0.0,0.0,1.0
55,1,male,45.6,0.0,0.0,35.5,1.0,0.0,0.0,0.0,0.0,1.0
865,1,female,42.0,0.0,0.0,13.0,0.0,1.0,0.0,0.0,0.0,1.0
595,0,male,36.0,1.0,1.0,24.15,0.0,0.0,1.0,0.0,0.0,1.0
239,0,male,33.0,0.0,0.0,12.275,0.0,1.0,0.0,0.0,0.0,1.0
721,0,male,17.0,1.0,0.0,7.0542,0.0,0.0,1.0,0.0,0.0,1.0
81,1,male,29.0,0.0,0.0,9.5,0.0,0.0,1.0,0.0,0.0,1.0
259,1,female,50.0,0.0,1.0,26.0,0.0,1.0,0.0,0.0,0.0,1.0
486,1,female,35.0,1.0,0.0,90.0,1.0,0.0,0.0,0.0,0.0,1.0
716,1,female,38.0,0.0,0.0,227.525,1.0,0.0,0.0,1.0,0.0,0.0
800,0,male,34.0,0.0,0.0,13.0,0.0,1.0,0.0,0.0,0.0,1.0
781,1,female,17.0,1.0,0.0,57.0,1.0,0.0,0.0,0.0,0.0,1.0
542,0,female,11.0,4.0,2.0,31.275,0.0,0.0,1.0,0.0,0.0,1.0
326,0,male,61.0,0.0,0.0,6.2375,0.0,0.0,1.0,0.0,0.0,1.0
534,0,female,30.0,0.0,0.0,8.6625,0.0,0.0,1.0,0.0,0.0,1.0
535,1,female,7.0,0.0,2.0,26.25,0.0,1.0,0.0,0.0,0.0,1.0
483,1,female,63.0,0.0,0.0,9.5875,0.0,0.0,1.0,0.0,0.0,1.0
762,1,male,20.0,0.0,0.0,7.2292,0.0,0.0,1.0,1.0,0.0,0.0
533,1,female,14.0,0.0,2.0,22.3583,0.0,0.0,1.0,1.0,0.0,0.0
713,0,male,29.0,0.0,0.0,9.4833,0.0,0.0,1.0,0.0,0.0,1.0
390,1,male,36.0,1.0,2.0,120.0,1.0,0.0,0.0,0.0,0.0,1.0
495,0,male,18.9,0.0,0.0,14.4583,0.0,0.0,1.0,1.0,0.0,0.0
482,0,male,50.0,0.0,0.0,8.05,0.0,0.0,1.0,0.0,0.0,1.0
377,0,male,27.0,0.0,2.0,211.5,1.0,0.0,0.0,1.0,0.0,0.0
365,0,male,30.0,0.0,0.0,7.25,0.0,0.0,1.0,0.0,0.0,1.0
412,1,female,33.0,1.0,0.0,90.0,1.0,0.0,0.0,0.0,1.0,0.0
468,0,male,30.9,0.0,0.0,7.725,0.0,0.0,1.0,0.0,1.0,0.0
409,0,female,11.0,3.0,1.0,25.4667,0.0,0.0,1.0,0.0,0.0,1.0
7,0,male,2.0,3.0,1.0,21.075,0.0,0.0,1.0,0.0,0.0,1.0
580,1,female,25.0,1.0,1.0,30.0,0.0,1.0,0.0,0.0,0.0,1.0
155,0,male,51.0,0.0,1.0,61.3792,1.0,0.0,0.0,1.0,0.0,0.0
880,1,female,25.0,0.0,1.0,26.0,0.0,1.0,0.0,0.0,0.0,1.0
425,0,male,26.8,0.0,0.0,7.25,0.0,0.0,1.0,0.0,0.0,1.0
101,0,male,31.8,0.0,0.0,7.8958,0.0,0.0,1.0,0.0,0.0,1.0
199,0,female,24.0,0.0,0.0,13.0,0.0,1.0,0.0,0.0,0.0,1.0
424,0,male,18.0,1.0,1.0,20.2125,0.0,0.0,1.0,0.0,0.0,1.0
298,1,male,37.0,0.0,0.0,30.5,1.0,0.0,0.0,0.0,0.0,1.0
884,0,male,25.0,0.0,0.0,7.05,0.0,0.0,1.0,0.0,0.0,1.0
247,1,female,24.0,0.0,2.0,14.5,0.0,1.0,0.0,0.0,0.0,1.0
478,0,male,22.0,0.0,0.0,7.5208,0.0,0.0,1.0,0.0,0.0,1.0
305,1,male,0.92,1.0,2.0,151.55,1.0,0.0,0.0,0.0,0.0,1.0
316,1,female,24.0,1.0,0.0,26.0,0.0,1.0,0.0,0.0,0.0,1.0
2,1,female,26.0,0.0,0.0,7.925,0.0,0.0,1.0,0.0,0.0,1.0
405,0,male,34.0,1.0,0.0,21.0,0.0,1.0,0.0,0.0,0.0,1.0
742,1,female,21.0,2.0,2.0,262.375,1.0,0.0,0.0,1.0,0.0,0.0
260,0,male,28.8,0.0,0.0,7.75,0.0,0.0,1.0,0.0,1.0,0.0
367,1,female,22.7,0.0,0.0,7.2292,0.0,0.0,1.0,1.0,0.0,0.0
158,0,male,23.6,0.0,0.0,8.6625,0.0,0.0,1.0,0.0,0.0,1.0
554,1,female,22.0,0.0,0.0,7.775,0.0,0.0,1.0,0.0,0.0,1.0
829,1,female,62.0,0.0,0.0,80.0,1.0,0.0,0.0,0.0,0.0,1.0
677,1,female,18.0,0.0,0.0,9.8417,0.0,0.0,1.0,0.0,0.0,1.0
380,1,female,42.0,0.0,0.0,227.525,1.0,0.0,0.0,1.0,0.0,0.0
626,0,male,57.0,0.0,0.0,12.35,0.0,1.0,0.0,0.0,1.0,0.0
302,0,male,19.0,0.0,0.0,0.0,0.0,0.0,1.0,0.0,0.0,1.0
432,1,female,42.0,1.0,0.0,26.0,0.0,1.0,0.0,0.0,0.0,1.0
522,0,male,29.5,0.0,0.0,7.225,0.0,0.0,1.0,1.0,0.0,0.0
404,0,female,20.0,0.0,0.0,8.6625,0.0,0.0,1.0,0.0,0.0,1.0
843,0,male,34.5,0.0,0.0,6.4375,0.0,0.0,1.0,1.0,0.0,0.0
355,0,male,28.0,0.0,0.0,9.5,0.0,0.0,1.0,0.0,0.0,1.0
464,0,male,37.0,0.0,0.0,8.05,0.0,0.0,1.0,0.0,0.0,1.0
753,0,male,23.0,0.0,0.0,7.8958,0.0,0.0,1.0,0.0,0.0,1.0
212,0,male,22.0,0.0,0.0,7.25,0.0,0.0,1.0,0.0,0.0,1.0
449,1,male,52.0,0.0,0.0,30.5,1.0,0.0,0.0,0.0,0.0,1.0
79,1,female,30.0,0.0,0.0,12.475,0.0,0.0,1.0,0.0,0.0,1.0
148,0,male,36.5,0.0,2.0,26.0,0.0,1.0,0.0,0.0,0.0,1.0
428,0,male,28.8,0.0,0.0,7.75,0.0,0.0,1.0,0.0,1.0,0.0
60,0,male,22.0,0.0,0.0,7.2292,0.0,0.0,1.0,1.0,0.0,0.0
660,1,male,50.0,2.0,0.0,133.65,1.0,0.0,0.0,0.0,0.0,1.0
804,1,male,27.0,0.0,0.0,6.975,0.0,0.0,1.0,0.0,0.0,1.0
588,0,male,22.0,0.0,0.0,8.05,0.0,0.0,1.0,0.0,0.0,1.0
765,1,female,51.0,1.0,0.0,77.9583,1.0,0.0,0.0,0.0,0.0,1.0
265,0,male,36.0,0.0,0.0,10.5,0.0,1.0,0.0,0.0,0.0,1.0
133,1,female,29.0,1.0,0.0,26.0,0.0,1.0,0.0,0.0,0.0,1.0
708,1,female,22.0,0.0,0.0,151.55,1.0,0.0,0.0,0.0,0.0,1.0
544,0,male,50.0,1.0,0.0,106.425,1.0,0.0,0.0,1.0,0.0,0.0
346,1,female,40.0,0.0,0.0,13.0,0.0,1.0,0.0,0.0,0.0,1.0
821,1,male,27.0,0.0,0.0,8.6625,0.0,0.0,1.0,0.0,0.0,1.0
633,0,male,36.6,0.0,0.0,0.0,1.0,0.0,0.0,0.0,0.0,1.0
456,0,male,65.0,0.0,0.0,26.55,1.0,0.0,0.0,0.0,0.0,1.0
500,0,male,17.0,0.0,0.0,8.6625,0.0,0.0,1.0,0.0,0.0,1.0
430,1,male,28.0,0.0,0.0,26.55,1.0,0.0,0.0,0.0,0.0,1.0
445,1,male,4.0,0.0,2.0,81.8583,1.0,0.0,0.0,0.0,0.0,1.0
650,0,male,31.8,0.0,0.0,7.8958,0.0,0.0,1.0,0.0,0.0,1.0
172,1,female,1.0,1.0,1.0,11.1333,0.0,0.0,1.0,0.0,0.0,1.0
450,0,male,36.0,1.0,2.0,27.75,0.0,1.0,0.0,0.0,0.0,1.0
314,0,male,43.0,1.0,1.0,26.25,0.0,1.0,0.0,0.0,0.0,1.0
332,0,male,38.0,0.0,1.0,153.4625,1.0,0.0,0.0,0.0,0.0,1.0
801,1,female,31.0,1.0,1.0,26.25,0.0,1.0,0.0,0.0,0.0,1.0
90,0,male,29.0,0.0,0.0,8.05,0.0,0.0,1.0,0.0,0.0,1.0
834,0,male,18.0,0.0,0.0,8.3,0.0,0.0,1.0,0.0,0.0,1.0
181,0,male,43.8,0.0,0.0,15.05,0.0,1.0,0.0,1.0,0.0,0.0
581,1,female,39.0,1.0,1.0,110.8833,1.0,0.0,0.0,1.0,0.0,0.0
795,0,male,39.0,0.0,0.0,13.0,0.0,1.0,0.0,0.0,0.0,1.0
69,0,male,26.0,2.0,0.0,8.6625,0.0,0.0,1.0,0.0,0.0,1.0
131,0,male,20.0,0.0,0.0,7.05,0.0,0.0,1.0,0.0,0.0,1.0
334,1,female,36.8,1.0,0.0,133.65,1.0,0.0,0.0,0.0,0.0,1.0
597,0,male,49.0,0.0,0.0,0.0,0.0,0.0,1.0,0.0,0.0,1.0
135,0,male,23.0,0.0,0.0,15.0458,0.0,1.0,0.0,1.0,0.0,0.0
164,0,male,1.0,4.0,1.0,39.6875,0.0,0.0,1.0,0.0,0.0,1.0
28,1,female,33.6,0.0,0.0,7.8792,0.0,0.0,1.0,0.0,1.0,0.0
783,0,male,26.8,1.0,2.0,23.45,0.0,0.0,1.0,0.0,0.0,1.0
193,1,male,3.0,1.0,1.0,26.0,0.0,1.0,0.0,0.0,0.0,1.0
869,1,male,4.0,1.0,1.0,11.1333,0.0,0.0,1.0,0.0,0.0,1.0
715,0,male,19.0,0.0,0.0,7.65,0.0,0.0,1.0,0.0,0.0,1.0
525,0,male,40.5,0.0,0.0,7.75,0.0,0.0,1.0,0.0,1.0,0.0
381,1,female,1.0,0.0,2.0,15.7417,0.0,0.0,1.0,1.0,0.0,0.0
140,0,female,22.5,0.0,2.0,15.2458,0.0,0.0,1.0,1.0,0.0,0.0
173,0,male,21.0,0.0,0.0,7.925,0.0,0.0,1.0,0.0,0.0,1.0
6,0,male,54.0,0.0,0.0,51.8625,1.0,0.0,0.0,0.0,0.0,1.0
718,0,male,25.1,0.0,0.0,15.5,0.0,0.0,1.0,0.0,1.0,0.0
685,0,male,25.0,1.0,2.0,41.5792,0.0,1.0,0.0,1.0,0.0,0.0
73,0,male,26.0,1.0,0.0,14.4542,0.0,0.0,1.0,1.0,0.0,0.0
882,0,female,22.0,0.0,0.0,10.5167,0.0,0.0,1.0,0.0,0.0,1.0
328,1,female,31.0,1.0,1.0,20.525,0.0,0.0,1.0,0.0,0.0,1.0
453,1,male,49.0,1.0,0.0,89.1042,1.0,0.0,0.0,1.0,0.0,0.0
145,0,male,19.0,1.0,1.0,36.75,0.0,1.0,0.0,0.0,0.0,1.0
234,0,male,24.0,0.0,0.0,10.5,0.0,1.0,0.0,0.0,0.0,1.0
220,1,male,16.0,0.0,0.0,8.05,0.0,0.0,1.0,0.0,0.0,1.0
370,1,male,25.0,1.0,0.0,55.4417,1.0,0.0,0.0,1.0,0.0,0.0
811,0,male,39.0,0.0,0.0,24.15,0.0,0.0,1.0,0.0,0.0,1.0
132,0,female,47.0,1.0,0.0,14.5,0.0,0.0,1.0,0.0,0.0,1.0
694,0,male,60.0,0.0,0.0,26.55,1.0,0.0,0.0,0.0,0.0,1.0
864,0,male,24.0,0.0,0.0,13.0,0.0,1.0,0.0,0.0,0.0,1.0
185,0,male,35.0,0.0,0.0,50.0,1.0,0.0,0.0,0.0,0.0,1.0
41,0,female,27.0,1.0,0.0,21.0,0.0,1.0,0.0,0.0,0.0,1.0
547,1,male,46.6,0.0,0.0,13.8625,0.0,1.0,0.0,1.0,0.0,0.0
108,0,male,38.0,0.0,0.0,7.8958,0.0,0.0,1.0,0.0,0.0,1.0
603,0,male,44.0,0.0,0.0,8.05,0.0,0.0,1.0,0.0,0.0,1.0
56,1,female,21.0,0.0,0.0,10.5,0.0,1.0,0.0,0.0,0.0,1.0
394,1,female,24.0,0.0,2.0,16.7,0.0,0.0,1.0,0.0,0.0,1.0
706,1,female,45.0,0.0,0.0,13.5,0.0,1.0,0.0,0.0,0.0,1.0
549,1,male,8.0,1.0,1.0,36.75,0.0,1.0,0.0,0.0,0.0,1.0
24,0,female,8.0,3.0,1.0,21.075,0.0,0.0,1.0,0.0,0.0,1.0
351,0,male,47.4,0.0,0.0,35.0,1.0,0.0,0.0,0.0,0.0,1.0
429,1,male,32.0,0.0,0.0,8.05,0.0,0.0,1.0,0.0,0.0,1.0
434,0,male,50.0,1.0,0.0,55.9,1.0,0.0,0.0,0.0,0.0,1.0
51,0,male,21.0,0.0,0.0,7.8,0.0,0.0,1.0,0.0,0.0,1.0
526,1,female,50.0,0.0,0.0,10.5,0.0,1.0,0.0,0.0,0.0,1.0
816,0,female,23.0,0.0,0.0,7.925,0.0,0.0,1.0,0.0,0.0,1.0
569,1,male,32.0,0.0,0.0,7.8542,0.0,0.0,1.0,0.0,0.0,1.0
264,0,female,28.8,0.0,0.0,7.75,0.0,0.0,1.0,0.0,1.0,0.0
436,0,female,21.0,2.0,2.0,34.375,0.0,0.0,1.0,0.0,0.0,1.0
613,0,male,28.8,0.0,0.0,7.75,0.0,0.0,1.0,0.0,1.0,0.0
693,0,male,25.0,0.0,0.0,7.225,0.0,0.0,1.0,1.0,0.0,0.0
352,0,male,15.0,1.0,1.0,7.2292,0.0,0.0,1.0,1.0,0.0,0.0
18,0,female,31.0,1.0,0.0,18.0,0.0,0.0,1.0,0.0,0.0,1.0
666,0,male,25.0,0.0,0.0,13.0,0.0,1.0,0.0,0.0,0.0,1.0
582,0,male,54.0,0.0,0.0,26.0,0.0,1.0,0.0,0.0,0.0,1.0
83,0,male,28.0,0.0,0.0,47.1,1.0,0.0,0.0,0.0,0.0,1.0
61,1,female,38.0,0.0,0.0,80.0,1.0,0.0,0.0,0.0,0.0,1.0
272,1,female,41.0,0.0,1.0,19.5,0.0,1.0,0.0,0.0,0.0,1.0
285,0,male,33.0,0.0,0.0,8.6625,0.0,0.0,1.0,1.0,0.0,0.0
695,0,male,52.0,0.0,0.0,13.5,0.0,1.0,0.0,0.0,0.0,1.0
746,0,male,16.0,1.0,1.0,20.25,0.0,0.0,1.0,0.0,0.0,1.0
12,0,male,20.0,0.0,0.0,8.05,0.0,0.0,1.0,0.0,0.0,1.0
182,0,male,9.0,4.0,2.0,31.3875,0.0,0.0,1.0,0.0,0.0,1.0
444,1,male,28.4,0.0,0.0,8.1125,0.0,0.0,1.0,0.0,0.0,1.0
552,0,male,25.6,0.0,0.0,7.8292,0.0,0.0,1.0,0.0,1.0,0.0
223,0,male,31.8,0.0,0.0,7.8958,0.0,0.0,1.0,0.0,0.0,1.0
513,1,female,54.0,1.0,0.0,59.4,1.0,0.0,0.0,1.0,0.0,0.0
628,0,male,26.0,0.0,0.0,7.8958,0.0,0.0,1.0,0.0,0.0,1.0
587,1,male,60.0,1.0,1.0,79.2,1.0,0.0,0.0,1.0,0.0,0.0
692,1,male,27.0,0.0,0.0,56.4958,0.0,0.0,1.0,0.0,0.0,1.0
523,1,female,44.0,0.0,1.0,57.9792,1.0,0.0,0.0,1.0,0.0,0.0
664,1,male,20.0,1.0,0.0,7.925,0.0,0.0,1.0,0.0,0.0,1.0
176,0,male,11.0,3.0,1.0,25.4667,0.0,0.0,1.0,0.0,0.0,1.0
841,0,male,16.0,0.0,0.0,10.5,0.0,1.0,0.0,0.0,0.0,1.0
678,0,female,43.0,1.0,6.0,46.9,0.0,0.0,1.0,0.0,0.0,1.0
163,0,male,17.0,0.0,0.0,8.6625,0.0,0.0,1.0,0.0,0.0,1.0
248,1,male,37.0,1.0,1.0,52.5542,1.0,0.0,0.0,0.0,0.0,1.0
570,1,male,62.0,0.0,0.0,10.5,0.0,1.0,0.0,0.0,0.0,1.0
787,0,male,8.0,4.0,1.0,29.125,0.0,0.0,1.0,0.0,1.0,0.0
74,1,male,32.0,0.0,0.0,56.4958,0.0,0.0,1.0,0.0,0.0,1.0
113,0,female,20.0,1.0,0.0,9.825,0.0,0.0,1.0,0.0,0.0,1.0
635,1,female,28.0,0.0,0.0,13.0,0.0,1.0,0.0,0.0,0.0,1.0
501,0,female,21.0,0.0,0.0,7.75,0.0,0.0,1.0,0.0,1.0,0.0
104,0,male,37.0,2.0,0.0,7.925,0.0,0.0,1.0,0.0,0.0,1.0
114,0,female,17.0,0.0,0.0,14.4583,0.0,0.0,1.0,1.0,0.0,0.0
368,1,female,28.8,0.0,0.0,7.75,0.0,0.0,1.0,0.0,1.0,0.0
92,0,male,46.0,1.0,0.0,61.175,1.0,0.0,0.0,0.0,0.0,1.0
497,0,male,21.7,0.0,0.0,15.1,0.0,0.0,1.0,0.0,0.0,1.0
89,0,male,24.0,0.0,0.0,8.05,0.0,0.0,1.0,0.0,0.0,1.0
336,0,male,29.0,1.0,0.0,66.6,1.0,0.0,0.0,0.0,0.0,1.0
879,1,female,56.0,0.0,1.0,83.1583,1.0,0.0,0.0,1.0,0.0,0.0
817,0,male,31.0,1.0,1.0,37.0042,0.0,1.0,0.0,1.0,0.0,0.0
828,1,male,28.8,0.0,0.0,7.75,0.0,0.0,1.0,0.0,1.0,0.0
543,1,male,32.0,1.0,0.0,26.0,0.0,1.0,0.0,0.0,0.0,1.0
548,0,male,33.0,1.0,1.0,20.525,0.0,0.0,1.0,0.0,0.0,1.0
94,0,male,59.0,0.0,0.0,7.25,0.0,0.0,1.0,0.0,0.0,1.0
11,1,female,58.0,0.0,0.0,26.55,1.0,0.0,0.0,0.0,0.0,1.0
431,1,female,27.2,1.0,0.0,16.1,0.0,0.0,1.0,0.0,0.0,1.0
43,1,female,3.0,1.0,2.0,41.5792,0.0,1.0,0.0,1.0,0.0,0.0
42,0,male,31.8,0.0,0.0,7.8958,0.0,0.0,1.0,1.0,0.0,0.0
329,1,female,16.0,0.0,1.0,57.9792,1.0,0.0,0.0,1.0,0.0,0.0
167,0,female,45.0,1.0,4.0,27.9,0.0,0.0,1.0,0.0,0.0,1.0
779,1,female,43.0,0.0,1.0,211.3375,1.0,0.0,0.0,0.0,0.0,1.0
537,1,female,30.0,0.0,0.0,106.425,1.0,0.0,0.0,1.0,0.0,0.0
735,0,male,28.5,0.0,0.0,16.1,0.0,0.0,1.0,0.0,0.0,1.0
499,0,male,24.0,0.0,0.0,7.7958,0.0,0.0,1.0,0.0,0.0,1.0
178,0,male,30.0,0.0,0.0,13.0,0.0,1.0,0.0,0.0,0.0,1.0
583,0,male,36.0,0.0,0.0,40.125,1.0,0.0,0.0,1.0,0.0,0.0
784,0,male,25.0,0.0,0.0,7.05,0.0,0.0,1.0,0.0,0.0,1.0
593,0,female,18.684,0.0,2.0,7.75,0.0,0.0,1.0,0.0,1.0,0.0
177,0,female,50.0,0.0,0.0,28.7125,1.0,0.0,0.0,1.0,0.0,0.0
644,1,female,0.75,2.0,1.0,19.2583,0.0,0.0,1.0,1.0,0.0,0.0
710,1,female,24.0,0.0,0.0,49.5042,1.0,0.0,0.0,1.0,0.0,0.0
615,1,female,24.0,1.0,2.0,65.0,0.0,1.0,0.0,0.0,0.0,1.0
383,1,female,35.0,1.0,0.0,52.0,1.0,0.0,0.0,0.0,0.0,1.0
257,1,female,30.0,0.0,0.0,86.5,1.0,0.0,0.0,0.0,0.0,1.0
734,0,male,23.0,0.0,0.0,13.0,0.0,1.0,0.0,0.0,0.0,1.0
335,0,male,31.8,0.0,0.0,7.8958,0.0,0.0,1.0,0.0,0.0,1.0
551,0,male,27.0,0.0,0.0,26.0,0.0,1.0,0.0,0.0,0.0,1.0
15,1,female,55.0,0.0,0.0,16.0,0.0,1.0,0.0,0.0,0.0,1.0
3,1,female,35.0,1.0,0.0,53.1,1.0,0.0,0.0,0.0,0.0,1.0
411,0,male,25.8,0.0,0.0,6.8583,0.0,0.0,1.0,0.0,1.0,0.0
256,1,female,40.6,0.0,0.0,79.2,1.0,0.0,0.0,1.0,0.0,0.0
451,0,male,26.6,1.0,0.0,19.9667,0.0,0.0,1.0,0.0,0.0,1.0
473,1,female,23.0,0.0,0.0,13.7917,0.0,1.0,0.0,1.0,0.0,0.0
697,1,female,27.8,0.0,0.0,7.7333,0.0,0.0,1.0,0.0,1.0,0.0
393,1,female,23.0,1.0,0.0,113.275,1.0,0.0,0.0,1.0,0.0,0.0
222,0,male,51.0,0.0,0.0,8.05,0.0,0.0,1.0,0.0,0.0,1.0
506,1,female,33.0,0.0,2.0,26.0,0.0,1.0,0.0,0.0,0.0,1.0
567,0,female,29.0,0.0,4.0,21.075,0.0,0.0,1.0,0.0,0.0,1.0
420,0,male,31.8,0.0,0.0,7.8958,0.0,0.0,1.0,1.0,0.0,0.0
324,0,male,37.2,8.0,2.0,69.55,0.0,0.0,1.0,0.0,0.0,1.0
530,1,female,2.0,1.0,1.0,26.0,0.0,1.0,0.0,0.0,0.0,1.0
9,1,female,14.0,1.0,0.0,30.0708,0.0,1.0,0.0,1.0,0.0,0.0
249,0,male,54.0,1.0,0.0,26.0,0.0,1.0,0.0,0.0,0.0,1.0
22,1,female,15.0,0.0,0.0,8.0292,0.0,0.0,1.0,0.0,1.0,0.0
356,1,female,22.0,0.0,1.0,55.0,1.0,0.0,0.0,0.0,0.0,1.0
221,0,male,27.0,0.0,0.0,13.0,0.0,1.0,0.0,0.0,0.0,1.0
601,0,male,31.8,0.0,0.0,7.8958,0.0,0.0,1.0,0.0,0.0,1.0
766,0,male,29.8,0.0,0.0,39.6,1.0,0.0,0.0,1.0,0.0,0.0
874,1,female,28.0,1.0,0.0,24.0,0.0,1.0,0.0,1.0,0.0,0.0
528,0,male,39.0,0.0,0.0,7.925,0.0,0.0,1.0,0.0,0.0,1.0
340,1,male,2.0,1.0,1.0,26.0,0.0,1.0,0.0,0.0,0.0,1.0
743,0,male,24.0,1.0,0.0,16.1,0.0,0.0,1.0,0.0,0.0,1.0
519,0,male,32.0,0.0,0.0,7.8958,0.0,0.0,1.0,0.0,0.0,1.0
203,0,male,45.5,0.0,0.0,7.225,0.0,0.0,1.0,1.0,0.0,0.0
237,1,female,8.0,0.0,2.0,26.25,0.0,1.0,0.0,0.0,0.0,1.0
93,0,male,26.0,1.0,2.0,20.575,0.0,0.0,1.0,0.0,0.0,1.0
730,1,female,29.0,0.0,0.0,211.3375,1.0,0.0,0.0,0.0,0.0,1.0
440,1,female,45.0,1.0,1.0,26.25,0.0,1.0,0.0,0.0,0.0,1.0
559,1,female,36.0,1.0,0.0,17.4,0.0,0.0,1.0,0.0,0.0,1.0
284,0,male,46.0,0.0,0.0,26.0,1.0,0.0,0.0,0.0,0.0,1.0
184,1,female,4.0,0.0,2.0,22.025,0.0,0.0,1.0,0.0,0.0,1.0
791,0,male,16.0,0.0,0.0,26.0,0.0,1.0,0.0,0.0,0.0,1.0
487,0,male,58.0,0.0,0.0,29.7,1.0,0.0,0.0,1.0,0.0,0.0
153,0,male,40.5,0.0,2.0,14.5,0.0,0.0,1.0,0.0,0.0,1.0
75,0,male,25.0,0.0,0.0,7.65,0.0,0.0,1.0,0.0,0.0,1.0
656,0,male,31.8,0.0,0.0,7.8958,0.0,0.0,1.0,0.0,0.0,1.0
631,0,male,51.0,0.0,0.0,7.0542,0.0,0.0,1.0,0.0,0.0,1.0
277,0,male,33.6,0.0,0.0,0.0,0.0,1.0,0.0,0.0,0.0,1.0
68,1,female,17.0,4.0,2.0,7.925,0.0,0.0,1.0,0.0,0.0,1.0
825,0,male,28.4,0.0,0.0,6.95,0.0,0.0,1.0,0.0,1.0,0.0
188,0,male,40.0,1.0,1.0,15.5,0.0,0.0,1.0,0.0,1.0,0.0
271,1,male,25.0,0.0,0.0,0.0,0.0,0.0,1.0,0.0,0.0,1.0
662,0,male,47.0,0.0,0.0,25.5875,1.0,0.0,0.0,0.0,0.0,1.0
711,0,male,54.4,0.0,0.0,26.55,1.0,0.0,0.0,0.0,0.0,1.0
236,0,male,44.0,1.0,0.0,26.0,0.0,1.0,0.0,0.0,0.0,1.0
88,1,female,23.0,3.0,2.0,263.0,1.0,0.0,0.0,0.0,0.0,1.0
757,0,male,18.0,0.0,0.0,11.5,0.0,1.0,0.0,0.0,0.0,1.0
117,0,male,29.0,1.0,0.0,21.0,0.0,1.0,0.0,0.0,0.0,1.0
125,1,male,12.0,1.0,0.0,11.2417,0.0,0.0,1.0,1.0,0.0,0.0
731,0,male,11.0,0.0,0.0,18.7875,0.0,0.0,1.0,1.0,0.0,0.0
289,1,female,22.0,0.0,0.0,7.75,0.0,0.0,1.0,0.0,1.0,0.0
238,0,male,19.0,0.0,0.0,10.5,0.0,1.0,0.0,0.0,0.0,1.0
0,0,male,22.0,1.0,0.0,7.25,0.0,0.0,1.0,0.0,0.0,1.0
881,0,male,33.0,0.0,0.0,7.8958,0.0,0.0,1.0,0.0,0.0,1.0
467,0,male,56.0,0.0,0.0,26.55,1.0,0.0,0.0,0.0,0.0,1.0
827,1,male,1.0,0.0,2.0,37.0042,0.0,1.0,0.0,1.0,0.0,0.0
395,0,male,22.0,0.0,0.0,7.7958,0.0,0.0,1.0,0.0,0.0,1.0
531,0,male,22.7,0.0,0.0,7.2292,0.0,0.0,1.0,1.0,0.0,0.0
126,0,male,28.8,0.0,0.0,7.75,0.0,0.0,1.0,0.0,1.0,0.0
278,0,male,7.0,4.0,1.0,29.125,0.0,0.0,1.0,0.0,1.0,0.0
691,1,female,4.0,0.0,1.0,13.4167,0.0,0.0,1.0,1.0,0.0,0.0
116,0,male,70.5,0.0,0.0,7.75,0.0,0.0,1.0,0.0,1.0,0.0
228,0,male,18.0,0.0,0.0,13.0,0.0,1.0,0.0,0.0,0.0,1.0
622,1,male,20.0,1.0,1.0,15.7417,0.0,0.0,1.0,1.0,0.0,0.0
655,0,male,24.0,2.0,0.0,73.5,0.0,1.0,0.0,0.0,0.0,1.0
598,0,male,29.5,0.0,0.0,7.225,0.0,0.0,1.0,1.0,0.0,0.0
516,1,female,34.0,0.0,0.0,10.5,0.0,1.0,0.0,0.0,0.0,1.0
274,1,female,28.8,0.0,0.0,7.75,0.0,0.0,1.0,0.0,1.0,0.0
318,1,female,31.0,0.0,2.0,164.8667,1.0,0.0,0.0,0.0,0.0,1.0
606,0,male,30.0,0.0,0.0,7.8958,0.0,0.0,1.0,0.0,0.0,1.0
144,0,male,18.0,0.0,0.0,11.5,0.0,1.0,0.0,0.0,0.0,1.0
634,0,female,9.0,3.0,2.0,27.9,0.0,0.0,1.0,0.0,0.0,1.0
558,1,female,39.0,1.0,1.0,79.65,1.0,0.0,0.0,0.0,0.0,1.0
809,1,female,33.0,1.0,0.0,53.1,1.0,0.0,0.0,0.0,0.0,1.0
745,0,male,70.0,1.0,1.0,71.0,1.0,0.0,0.0,0.0,0.0,1.0
369,1,female,24.0,0.0,0.0,69.3,1.0,0.0,0.0,1.0,0.0,0.0
268,1,female,58.0,0.0,1.0,153.4625,1.0,0.0,0.0,0.0,0.0,1.0
623,0,male,21.0,0.0,0.0,7.8542,0.0,0.0,1.0,0.0,0.0,1.0
307,1,female,17.0,1.0,0.0,108.9,1.0,0.0,0.0,1.0,0.0,0.0
423,0,female,28.0,1.0,1.0,14.4,0.0,0.0,1.0,0.0,0.0,1.0
310,1,female,24.0,0.0,0.0,83.1583,1.0,0.0,0.0,1.0,0.0,0.0
354,0,male,29.5,0.0,0.0,7.225,0.0,0.0,1.0,1.0,0.0,0.0
46,0,male,27.6,1.0,0.0,15.5,0.0,0.0,1.0,0.0,1.0,0.0
349,0,male,42.0,0.0,0.0,8.6625,0.0,0.0,1.0,0.0,0.0,1.0
371,0,male,18.0,1.0,0.0,6.4958,0.0,0.0,1.0,0.0,0.0,1.0
479,1,female,2.0,0.0,1.0,12.2875,0.0,0.0,1.0,0.0,0.0,1.0
576,1,female,34.0,0.0,0.0,13.0,0.0,1.0,0.0,0.0,0.0,1.0
261,1,male,3.0,4.0,2.0,31.3875,0.0,0.0,1.0,0.0,0.0,1.0
195,1,female,58.0,0.0,0.0,146.5208,1.0,0.0,0.0,1.0,0.0,0.0
890,0,male,32.0,0.0,0.0,7.75,0.0,0.0,1.0,0.0,1.0,0.0
744,1,male,31.0,0.0,0.0,7.925,0.0,0.0,1.0,0.0,0.0,1.0
107,1,male,35.6,0.0,0.0,7.775,0.0,0.0,1.0,0.0,0.0,1.0
866,1,female,27.0,1.0,0.0,13.8583,0.0,1.0,0.0,1.0,0.0,0.0
59,0,male,11.0,5.0,2.0,46.9,0.0,0.0,1.0,0.0,0.0,1.0
658,0,male,23.0,0.0,0.0,13.0,0.0,1.0,0.0,0.0,0.0,1.0
263,0,male,40.0,0.0,0.0,0.0,1.0,0.0,0.0,0.0,0.0,1.0
568,0,male,22.7,0.0,0.0,7.2292,0.0,0.0,1.0,1.0,0.0,0.0
100,0,female,28.0,0.0,0.0,7.8958,0.0,0.0,1.0,0.0,0.0,1.0
443,1,female,28.0,0.0,0.0,13.0,0.0,1.0,0.0,0.0,0.0,1.0
490,0,male,26.6,1.0,0.0,19.9667,0.0,0.0,1.0,0.0,0.0,1.0
687,0,male,19.0,0.0,0.0,10.1708,0.0,0.0,1.0,0.0,0.0,1.0
799,0,female,30.0,1.0,1.0,24.15,0.0,0.0,1.0,0.0,0.0,1.0
640,0,male,20.0,0.0,0.0,7.8542,0.0,0.0,1.0,0.0,0.0,1.0
169,0,male,28.0,0.0,0.0,56.4958,0.0,0.0,1.0,0.0,0.0,1.0
179,0,male,36.0,0.0,0.0,0.0,0.0,0.0,1.0,0.0,0.0,1.0
304,0,male,37.0,0.0,0.0,8.05,0.0,0.0,1.0,0.0,0.0,1.0
341,1,female,24.0,3.0,2.0,263.0,1.0,0.0,0.0,0.0,0.0,1.0
57,0,male,28.5,0.0,0.0,7.2292,0.0,0.0,1.0,1.0,0.0,0.0
858,1,female,24.0,0.0,3.0,19.2583,0.0,0.0,1.0,1.0,0.0,0.0
149,0,male,42.0,0.0,0.0,13.0,0.0,1.0,0.0,0.0,0.0,1.0
124,0,male,54.0,0.0,1.0,77.2875,1.0,0.0,0.0,0.0,0.0,1.0
703,0,male,25.0,0.0,0.0,7.7417,0.0,0.0,1.0,0.0,1.0,0.0
50,0,male,7.0,4.0,1.0,39.6875,0.0,0.0,1.0,0.0,0.0,1.0
353,0,male,25.0,1.0,0.0,17.8,0.0,0.0,1.0,0.0,0.0,1.0
823,1,female,27.0,0.0,1.0,12.475,0.0,0.0,1.0,0.0,0.0,1.0
142,1,female,24.0,1.0,0.0,15.85,0.0,0.0,1.0,0.0,0.0,1.0
470,0,male,26.8,0.0,0.0,7.25,0.0,0.0,1.0,0.0,0.0,1.0
399,1,female,28.0,0.0,0.0,12.65,0.0,1.0,0.0,0.0,0.0,1.0
575,0,male,19.0,0.0,0.0,14.5,0.0,0.0,1.0,0.0,0.0,1.0
320,0,male,22.0,0.0,0.0,7.25,0.0,0.0,1.0,0.0,0.0,1.0
19,1,female,29.5,0.0,0.0,7.225,0.0,0.0,1.0,1.0,0.0,0.0
792,0,female,37.2,8.0,2.0,69.55,0.0,0.0,1.0,0.0,0.0,1.0
707,1,male,42.0,0.0,0.0,26.2875,1.0,0.0,0.0,0.0,0.0,1.0
723,0,male,50.0,0.0,0.0,13.0,0.0,1.0,0.0,0.0,0.0,1.0
407,1,male,3.0,1.0,1.0,18.75,0.0,1.0,0.0,0.0,0.0,1.0
557,0,male,30.8,0.0,0.0,227.525,1.0,0.0,0.0,1.0,0.0,0.0
38,0,female,18.0,2.0,0.0,18.0,0.0,0.0,1.0,0.0,0.0,1.0
175,0,male,18.0,1.0,1.0,7.8542,0.0,0.0,1.0,0.0,0.0,1.0
245,0,male,44.0,2.0,0.0,90.0,1.0,0.0,0.0,0.0,1.0,0.0
740,1,male,48.2,0.0,0.0,30.0,1.0,0.0,0.0,0.0,0.0,1.0
602,0,male,26.8,0.0,0.0,42.4,1.0,0.0,0.0,0.0,0.0,1.0
768,0,male,31.8,1.0,0.0,24.15,0.0,0.0,1.0,0.0,1.0,0.0
764,0,male,16.0,0.0,0.0,7.775,0.0,0.0,1.0,0.0,0.0,1.0
154,0,male,34.2,0.0,0.0,7.3125,0.0,0.0,1.0,0.0,0.0,1.0
287,0,male,22.0,0.0,0.0,7.8958,0.0,0.0,1.0,0.0,0.0,1.0
750,1,female,4.0,1.0,1.0,23.0,0.0,1.0,0.0,0.0,0.0,1.0
17,1,male,28.6,0.0,0.0,13.0,0.0,1.0,0.0,0.0,0.0,1.0
127,1,male,24.0,0.0,0.0,7.1417,0.0,0.0,1.0,0.0,0.0,1.0
322,1,female,30.0,0.0,0.0,12.35,0.0,1.0,0.0,0.0,1.0,0.0
255,1,female,29.0,0.0,2.0,15.2458,0.0,0.0,1.0,1.0,0.0,0.0
770,0,male,24.0,0.0,0.0,9.5,0.0,0.0,1.0,0.0,0.0,1.0
856,1,female,45.0,1.0,1.0,164.8667,1.0,0.0,0.0,0.0,0.0,1.0
190,1,female,32.0,0.0,0.0,13.0,0.0,1.0,0.0,0.0,0.0,1.0
115,0,male,21.0,0.0,0.0,7.925,0.0,0.0,1.0,0.0,0.0,1.0
737,1,male,35.0,0.0,0.0,512.3292,1.0,0.0,0.0,1.0,0.0,0.0
180,0,female,37.2,8.0,2.0,69.55,0.0,0.0,1.0,0.0,0.0,1.0
301,1,male,29.6,2.0,0.0,23.25,0.0,0.0,1.0,0.0,1.0,0.0
679,1,male,36.0,0.0,1.0,512.3292,1.0,0.0,0.0,1.0,0.0,0.0
638,0,female,41.0,0.0,5.0,39.6875,0.0,0.0,1.0,0.0,0.0,1.0
649,1,female,23.0,0.0,0.0,7.55,0.0,0.0,1.0,0.0,0.0,1.0
616,0,male,34.0,1.0,1.0,14.4,0.0,0.0,1.0,0.0,0.0,1.0
596,1,female,47.2,0.0,0.0,33.0,0.0,1.0,0.0,0.0,0.0,1.0
517,0,male,32.6,0.0,0.0,24.15,0.0,0.0,1.0,0.0,1.0,0.0
875,1,female,15.0,0.0,0.0,7.225,0.0,0.0,1.0,1.0,0.0,0.0
45,0,male,37.0,0.0,0.0,8.05,0.0,0.0,1.0,0.0,0.0,1.0
807,0,female,18.0,0.0,0.0,7.775,0.0,0.0,1.0,0.0,0.0,1.0
157,0,male,30.0,0.0,0.0,8.05,0.0,0.0,1.0,0.0,0.0,1.0
665,0,male,32.0,2.0,0.0,73.5,0.0,1.0,0.0,0.0,0.0,1.0
171,0,male,4.0,4.0,1.0,29.125,0.0,0.0,1.0,0.0,1.0,0.0
16,0,male,2.0,4.0,1.0,29.125,0.0,0.0,1.0,0.0,1.0,0.0
511,0,male,37.0,0.0,0.0,8.05,0.0,0.0,1.0,0.0,0.0,1.0
48,0,male,14.0,2.0,0.0,21.6792,0.0,0.0,1.0,1.0,0.0,0.0
862,1,female,48.0,0.0,0.0,25.9292,1.0,0.0,0.0,0.0,0.0,1.0
749,0,male,31.0,0.0,0.0,7.75,0.0,0.0,1.0,0.0,1.0,0.0
515,0,male,47.0,0.0,0.0,34.0208,1.0,0.0,0.0,0.0,0.0,1.0
617,0,female,26.0,1.0,0.0,16.1,0.0,0.0,1.0,0.0,0.0,1.0
480,0,male,9.0,5.0,2.0,46.9,0.0,0.0,1.0,0.0,0.0,1.0
283,1,male,19.0,0.0,0.0,8.05,0.0,0.0,1.0,0.0,0.0,1.0
589,0,male,37.0,0.0,0.0,8.05,0.0,0.0,1.0,0.0,0.0,1.0
225,0,male,22.0,0.0,0.0,9.35,0.0,0.0,1.0,0.0,0.0,1.0
26,0,male,29.5,0.0,0.0,7.225,0.0,0.0,1.0,1.0,0.0,0.0
848,0,male,28.0,0.0,1.0,33.0,0.0,1.0,0.0,0.0,0.0,1.0
437,1,female,24.0,2.0,3.0,18.75,0.0,1.0,0.0,0.0,0.0,1.0
844,0,male,17.0,0.0,0.0,8.6625,0.0,0.0,1.0,0.0,0.0,1.0
364,0,male,27.6,1.0,0.0,15.5,0.0,0.0,1.0,0.0,1.0,0.0
229,0,female,11.0,3.0,1.0,25.4667,0.0,0.0,1.0,0.0,0.0,1.0
37,0,male,21.0,0.0,0.0,8.05,0.0,0.0,1.0,0.0,0.0,1.0
857,1,male,51.0,0.0,0.0,26.55,1.0,0.0,0.0,0.0,0.0,1.0
374,0,female,3.0,3.0,1.0,21.075,0.0,0.0,1.0,0.0,0.0,1.0
469,1,female,0.75,2.0,1.0,19.2583,0.0,0.0,1.0,1.0,0.0,0.0
859,0,male,22.7,0.0,0.0,7.2292,0.0,0.0,1.0,1.0,0.0,0.0
758,0,male,34.0,0.0,0.0,8.05,0.0,0.0,1.0,0.0,0.0,1.0
651,1,female,18.0,0.0,1.0,23.0,0.0,1.0,0.0,0.0,0.0,1.0
194,1,female,44.0,0.0,0.0,27.7208,1.0,0.0,0.0,1.0,0.0,0.0
760,0,male,25.4,0.0,0.0,14.5,0.0,0.0,1.0,0.0,0.0,1.0
868,0,male,24.2,0.0,0.0,9.5,0.0,0.0,1.0,0.0,0.0,1.0
503,0,female,37.0,0.0,0.0,9.5875,0.0,0.0,1.0,0.0,0.0,1.0
861,0,male,21.0,1.0,0.0,11.5,0.0,1.0,0.0,0.0,0.0,1.0
741,0,male,36.0,1.0,0.0,78.85,1.0,0.0,0.0,0.0,0.0,1.0
579,1,male,32.0,0.0,0.0,7.925,0.0,0.0,1.0,0.0,0.0,1.0
888,0,female,26.8,1.0,2.0,23.45,0.0,0.0,1.0,0.0,0.0,1.0
162,0,male,26.0,0.0,0.0,7.775,0.0,0.0,1.0,0.0,0.0,1.0
630,1,male,80.0,0.0,0.0,30.0,1.0,0.0,0.0,0.0,0.0,1.0
152,0,male,55.5,0.0,0.0,8.05,0.0,0.0,1.0,0.0,0.0,1.0
684,0,male,60.0,1.0,1.0,39.0,0.0,1.0,0.0,0.0,0.0,1.0
629,0,male,27.8,0.0,0.0,7.7333,0.0,0.0,1.0,0.0,1.0,0.0
675,0,male,18.0,0.0,0.0,7.775,0.0,0.0,1.0,0.0,0.0,1.0
111,0,female,14.5,1.0,0.0,14.4542,0.0,0.0,1.0,1.0,0.0,0.0
226,1,male,19.0,0.0,0.0,10.5,0.0,1.0,0.0,0.0,0.0,1.0
618,1,female,4.0,2.0,1.0,39.0,0.0,1.0,0.0,0.0,0.0,1.0
103,0,male,33.0,0.0,0.0,8.6542,0.0,0.0,1.0,0.0,0.0,1.0
421,0,male,21.0,0.0,0.0,7.7333,0.0,0.0,1.0,0.0,1.0,0.0
419,0,female,10.0,0.0,2.0,24.15,0.0,0.0,1.0,0.0,0.0,1.0
586,0,male,47.0,0.0,0.0,15.0,0.0,1.0,0.0,0.0,0.0,1.0
119,0,female,2.0,4.0,2.0,31.275,0.0,0.0,1.0,0.0,0.0,1.0
53,1,female,29.0,1.0,0.0,26.0,0.0,1.0,0.0,0.0,0.0,1.0
151,1,female,22.0,1.0,0.0,66.6,1.0,0.0,0.0,0.0,0.0,1.0
403,0,male,28.0,1.0,0.0,15.85,0.0,0.0,1.0,0.0,0.0,1.0
839,1,male,43.6,0.0,0.0,29.7,1.0,0.0,0.0,1.0,0.0,0.0
207,1,male,26.0,0.0,0.0,18.7875,0.0,0.0,1.0,1.0,0.0,0.0
752,0,male,33.0,0.0,0.0,9.5,0.0,0.0,1.0,0.0,0.0,1.0
717,1,female,27.0,0.0,0.0,10.5,0.0,1.0,0.0,0.0,0.0,1.0
8,1,female,27.0,0.0,2.0,11.1333,0.0,0.0,1.0,0.0,0.0,1.0
722,0,male,34.0,0.0,0.0,13.0,0.0,1.0,0.0,0.0,0.0,1.0
36,1,male,22.7,0.0,0.0,7.2292,0.0,0.0,1.0,1.0,0.0,0.0
452,0,male,30.0,0.0,0.0,27.75,1.0,0.0,0.0,1.0,0.0,0.0
253,0,male,30.0,1.0,0.0,16.1,0.0,0.0,1.0,0.0,0.0,1.0
303,1,female,39.8,0.0,0.0,12.35,0.0,1.0,0.0,0.0,1.0,0.0
667,0,male,35.6,0.0,0.0,7.775,0.0,0.0,1.0,0.0,0.0,1.0
571,1,female,53.0,2.0,0.0,51.4792,1.0,0.0,0.0,0.0,0.0,1.0
636,0,male,32.0,0.0,0.0,7.925,0.0,0.0,1.0,0.0,0.0,1.0
714,0,male,52.0,0.0,0.0,13.0,0.0,1.0,0.0,0.0,0.0,1.0
262,0,male,52.0,1.0,1.0,79.65,1.0,0.0,0.0,0.0,0.0,1.0
610,0,female,39.0,1.0,5.0,31.275,0.0,0.0,1.0,0.0,0.0,1.0
297,0,female,2.0,1.0,2.0,151.55,1.0,0.0,0.0,0.0,0.0,1.0
414,1,male,44.0,0.0,0.0,7.925,0.0,0.0,1.0,0.0,0.0,1.0
150,0,male,51.0,0.0,0.0,12.525,0.0,1.0,0.0,0.0,0.0,1.0
705,0,male,39.0,0.0,0.0,26.0,0.0,1.0,0.0,0.0,0.0,1.0
789,0,male,46.0,0.0,0.0,79.2,1.0,0.0,0.0,1.0,0.0,0.0
550,1,male,17.0,0.0,2.0,110.8833,1.0,0.0,0.0,1.0,0.0,0.0
488,0,male,30.0,0.0,0.0,8.05,0.0,0.0,1.0,0.0,0.0,1.0
147,0,female,9.0,2.0,2.0,34.375,0.0,0.0,1.0,0.0,0.0,1.0
146,1,male,27.0,0.0,0.0,7.7958,0.0,0.0,1.0,0.0,0.0,1.0
836,0,male,21.0,0.0,0.0,8.6625,0.0,0.0,1.0,0.0,0.0,1.0
826,0,male,27.0,0.0,0.0,56.4958,0.0,0.0,1.0,0.0,0.0,1.0
870,0,male,26.0,0.0,0.0,7.8958,0.0,0.0,1.0,0.0,0.0,1.0
348,1,male,3.0,1.0,1.0,15.9,0.0,0.0,1.0,0.0,0.0,1.0
463,0,male,48.0,0.0,0.0,13.0,0.0,1.0,0.0,0.0,0.0,1.0
325,1,female,36.0,0.0,0.0,135.6333,1.0,0.0,0.0,1.0,0.0,0.0
186,1,female,27.6,1.0,0.0,15.5,0.0,0.0,1.0,0.0,1.0,0.0
123,1,female,32.5,0.0,0.0,13.0,0.0,1.0,0.0,0.0,0.0,1.0
759,1,female,33.0,0.0,0.0,86.5,1.0,0.0,0.0,0.0,0.0,1.0
608,1,female,22.0,1.0,2.0,41.5792,0.0,1.0,0.0,1.0,0.0,0.0
143,0,male,19.0,0.0,0.0,6.75,0.0,0.0,1.0,0.0,1.0,0.0
851,0,male,74.0,0.0,0.0,7.775,0.0,0.0,1.0,0.0,0.0,1.0
197,0,male,42.0,0.0,1.0,8.4042,0.0,0.0,1.0,0.0,0.0,1.0
609,1,female,40.0,0.0,0.0,153.4625,1.0,0.0,0.0,0.0,0.0,1.0
279,1,female,35.0,1.0,1.0,20.25,0.0,0.0,1.0,0.0,0.0,1.0
293,0,female,24.0,0.0,0.0,8.85,0.0,0.0,1.0,0.0,0.0,1.0
400,1,male,39.0,0.0,0.0,7.925,0.0,0.0,1.0,0.0,0.0,1.0
122,0,male,32.5,1.0,0.0,30.0708,0.0,1.0,0.0,1.0,0.0,0.0
183,1,male,1.0,2.0,1.0,39.0,0.0,1.0,0.0,0.0,0.0,1.0
202,0,male,34.0,0.0,0.0,6.4958,0.0,0.0,1.0,0.0,0.0,1.0
438,0,male,64.0,1.0,4.0,263.0,1.0,0.0,0.0,0.0,0.0,1.0
246,0,female,25.0,0.0,0.0,7.775,0.0,0.0,1.0,0.0,0.0,1.0
415,0,female,37.0,0.0,0.0,8.05,0.0,0.0,1.0,0.0,0.0,1.0
788,1,male,1.0,1.0,2.0,20.575,0.0,0.0,1.0,0.0,0.0,1.0
129,0,male,45.0,0.0,0.0,6.975,0.0,0.0,1.0,0.0,0.0,1.0
637,0,male,31.0,1.0,1.0,26.25,0.0,1.0,0.0,0.0,0.0,1.0
402,0,female,21.0,1.0,0.0,9.825,0.0,0.0,1.0,0.0,0.0,1.0
794,0,male,25.0,0.0,0.0,7.8958,0.0,0.0,1.0,0.0,0.0,1.0
689,1,female,15.0,0.0,1.0,211.3375,1.0,0.0,0.0,0.0,0.0,1.0
810,0,male,26.0,0.0,0.0,7.8875,0.0,0.0,1.0,0.0,0.0,1.0
219,0,male,30.0,0.0,0.0,10.5,0.0,1.0,0.0,0.0,0.0,1.0
641,1,female,24.0,0.0,0.0,69.3,1.0,0.0,0.0,1.0,0.0,0.0
812,0,male,35.0,0.0,0.0,10.5,0.0,1.0,0.0,0.0,0.0,1.0
672,0,male,70.0,0.0,0.0,10.5,0.0,1.0,0.0,0.0,0.0,1.0
815,0,male,36.6,0.0,0.0,0.0,1.0,0.0,0.0,0.0,0.0,1.0
624,0,male,21.0,0.0,0.0,16.1,0.0,0.0,1.0,0.0,0.0,1.0
855,1,female,18.0,0.0,1.0,9.35,0.0,0.0,1.0,0.0,0.0,1.0
680,0,female,42.2,0.0,0.0,8.1375,0.0,0.0,1.0,0.0,1.0,0.0
386,0,male,1.0,5.0,2.0,46.9,0.0,0.0,1.0,0.0,0.0,1.0
863,0,female,37.2,8.0,2.0,69.55,0.0,0.0,1.0,0.0,0.0,1.0
509,1,male,26.0,0.0,0.0,56.4958,0.0,0.0,1.0,0.0,0.0,1.0
267,1,male,25.0,1.0,0.0,7.775,0.0,0.0,1.0,0.0,0.0,1.0
732,0,male,33.6,0.0,0.0,0.0,0.0,1.0,0.0,0.0,0.0,1.0
441,0,male,20.0,0.0,0.0,9.5,0.0,0.0,1.0,0.0,0.0,1.0
496,1,female,54.0,1.0,0.0,78.2667,1.0,0.0,0.0,1.0,0.0,0.0
112,0,male,22.0,0.0,0.0,8.05,0.0,0.0,1.0,0.0,0.0,1.0
232,0,male,59.0,0.0,0.0,13.5,0.0,1.0,0.0,0.0,0.0,1.0
774,1,female,54.0,1.0,3.0,23.0,0.0,1.0,0.0,0.0,0.0,1.0
607,1,male,27.0,0.0,0.0,30.5,1.0,0.0,0.0,0.0,0.0,1.0
671,0,male,31.0,1.0,0.0,52.0,1.0,0.0,0.0,0.0,0.0,1.0
373,0,male,22.0,0.0,0.0,135.6333,1.0,0.0,0.0,1.0,0.0,0.0
872,0,male,33.0,0.0,0.0,5.0,1.0,0.0,0.0,0.0,0.0,1.0
751,1,male,6.0,0.0,1.0,12.475,0.0,0.0,1.0,0.0,0.0,1.0
233,1,female,5.0,4.0,2.0,31.3875,0.0,0.0,1.0,0.0,0.0,1.0
806,0,male,39.0,0.0,0.0,0.0,1.0,0.0,0.0,0.0,0.0,1.0
676,0,male,24.5,0.0,0.0,8.05,0.0,0.0,1.0,0.0,0.0,1.0
317,0,male,54.0,0.0,0.0,14.0,0.0,1.0,0.0,0.0,0.0,1.0
648,0,male,28.2,0.0,0.0,7.55,0.0,0.0,1.0,0.0,0.0,1.0
410,0,male,31.8,0.0,0.0,7.8958,0.0,0.0,1.0,0.0,0.0,1.0
798,0,male,30.0,0.0,0.0,7.2292,0.0,0.0,1.0,1.0,0.0,0.0
358,1,female,33.6,0.0,0.0,7.8792,0.0,0.0,1.0,0.0,1.0,0.0
258,1,female,35.0,0.0,0.0,512.3292,1.0,0.0,0.0,1.0,0.0,0.0
627,1,female,21.0,0.0,0.0,77.9583,1.0,0.0,0.0,0.0,0.0,1.0
632,1,male,32.0,0.0,0.0,30.5,1.0,0.0,0.0,1.0,0.0,0.0
282,0,male,16.0,0.0,0.0,9.5,0.0,0.0,1.0,0.0,0.0,1.0
376,1,female,22.0,0.0,0.0,7.25,0.0,0.0,1.0,0.0,0.0,1.0
384,0,male,31.8,0.0,0.0,7.8958,0.0,0.0,1.0,0.0,0.0,1.0
224,1,male,38.0,1.0,0.0,90.0,1.0,0.0,0.0,0.0,0.0,1.0
846,0,male,37.2,8.0,2.0,69.55,0.0,0.0,1.0,0.0,0.0,1.0
728,0,male,25.0,1.0,0.0,26.0,0.0,1.0,0.0,0.0,0.0,1.0
472,1,female,33.0,1.0,2.0,27.75,0.0,1.0,0.0,0.0,0.0,1.0
347,1,female,27.2,1.0,0.0,16.1,0.0,0.0,1.0,0.0,0.0,1.0
505,0,male,18.0,1.0,0.0,108.9,1.0,0.0,0.0,1.0,0.0,0.0
639,0,male,27.2,1.0,0.0,16.1,0.0,0.0,1.0,0.0,0.0,1.0
878,0,male,31.8,0.0,0.0,7.8958,0.0,0.0,1.0,0.0,0.0,1.0
824,0,male,2.0,4.0,1.0,39.6875,0.0,0.0,1.0,0.0,0.0,1.0
803,1,male,0.42,0.0,1.0,8.5167,0.0,0.0,1.0,1.0,0.0,0.0
619,0,male,26.0,0.0,0.0,10.5,0.0,1.0,0.0,0.0,0.0,1.0
761,0,male,41.0,0.0,0.0,7.125,0.0,0.0,1.0,0.0,0.0,1.0
645,1,male,48.0,1.0,0.0,76.7292,1.0,0.0,0.0,1.0,0.0,0.0
754,1,female,48.0,1.0,2.0,65.0,0.0,1.0,0.0,0.0,0.0,1.0
556,1,female,48.0,1.0,0.0,39.6,1.0,0.0,0.0,1.0,0.0,0.0
850,0,male,4.0,4.0,2.0,31.275,0.0,0.0,1.0,0.0,0.0,1.0
577,1,female,39.0,1.0,0.0,55.9,1.0,0.0,0.0,0.0,0.0,1.0
85,1,female,33.0,3.0,0.0,15.85,0.0,0.0,1.0,0.0,0.0,1.0
242,0,male,29.0,0.0,0.0,10.5,0.0,1.0,0.0,0.0,0.0,1.0
698,0,male,49.0,1.0,1.0,110.8833,1.0,0.0,0.0,1.0,0.0,0.0
159,0,male,37.2,8.0,2.0,69.55,0.0,0.0,1.0,0.0,0.0,1.0
524,0,male,22.7,0.0,0.0,7.2292,0.0,0.0,1.0,1.0,0.0,0.0
35,0,male,42.0,1.0,0.0,52.0,1.0,0.0,0.0,0.0,0.0,1.0
540,1,female,36.0,0.0,2.0,71.0,1.0,0.0,0.0,0.0,0.0,1.0
170,0,male,61.0,0.0,0.0,33.5,1.0,0.0,0.0,0.0,0.0,1.0
654,0,female,18.0,0.0,0.0,6.75,0.0,0.0,1.0,0.0,1.0,0.0
786,1,female,18.0,0.0,0.0,7.4958,0.0,0.0,1.0,0.0,0.0,1.0
755,1,male,0.67,1.0,1.0,14.5,0.0,1.0,0.0,0.0,0.0,1.0
838,1,male,32.0,0.0,0.0,56.4958,0.0,0.0,1.0,0.0,0.0,1.0
95,0,male,37.0,0.0,0.0,8.05,0.0,0.0,1.0,0.0,0.0,1.0
563,0,male,37.0,0.0,0.0,8.05,0.0,0.0,1.0,0.0,0.0,1.0
240,0,female,24.7,1.0,0.0,14.4542,0.0,0.0,1.0,1.0,0.0,0.0
574,0,male,16.0,0.0,0.0,8.05,0.0,0.0,1.0,0.0,0.0,1.0
690,1,male,31.0,1.0,0.0,57.0,1.0,0.0,0.0,0.0,0.0,1.0
460,1,male,48.0,0.0,0.0,26.55,1.0,0.0,0.0,0.0,0.0,1.0
553,1,male,22.0,0.0,0.0,7.225,0.0,0.0,1.0,1.0,0.0,0.0
780,1,female,13.0,0.0,0.0,7.2292,0.0,0.0,1.0,1.0,0.0,0.0
206,0,male,32.0,1.0,0.0,15.85,0.0,0.0,1.0,0.0,0.0,1.0
392,0,male,28.0,2.0,0.0,7.925,0.0,0.0,1.0,0.0,0.0,1.0
397,0,male,46.0,0.0,0.0,26.0,0.0,1.0,0.0,0.0,0.0,1.0
756,0,male,28.0,0.0,0.0,7.7958,0.0,0.0,1.0,0.0,0.0,1.0
217,0,male,42.0,1.0,0.0,27.0,0.0,1.0,0.0,0.0,0.0,1.0
4,0,male,35.0,0.0,0.0,8.05,0.0,0.0,1.0,0.0,0.0,1.0
642,0,female,2.0,3.0,2.0,27.9,0.0,0.0,1.0,0.0,0.0,1.0
797,1,female,31.0,0.0,0.0,8.6833,0.0,0.0,1.0,0.0,0.0,1.0
612,1,female,27.6,1.0,0.0,15.5,0.0,0.0,1.0,0.0,1.0,0.0
738,0,male,31.8,0.0,0.0,7.8958,0.0,0.0,1.0,0.0,0.0,1.0
546,1,female,19.0,1.0,0.0,26.0,0.0,1.0,0.0,0.0,0.0,1.0
725,0,male,20.0,0.0,0.0,8.6625,0.0,0.0,1.0,0.0,0.0,1.0
683,0,male,14.0,5.0,2.0,46.9,0.0,0.0,1.0,0.0,0.0,1.0
98,1,female,34.0,0.0,1.0,23.0,0.0,1.0,0.0,0.0,0.0,1.0
727,1,female,27.8,0.0,0.0,7.7375,0.0,0.0,1.0,0.0,1.0,0.0
573,1,female,28.8,0.0,0.0,7.75,0.0,0.0,1.0,0.0,1.0,0.0
406,0,male,51.0,0.0,0.0,7.75,0.0,0.0,1.0,0.0,0.0,1.0
502,0,female,26.0,0.0,0.0,7.6292,0.0,0.0,1.0,0.0,1.0,0.0
47,1,female,28.8,0.0,0.0,7.75,0.0,0.0,1.0,0.0,1.0,0.0
32,1,female,28.8,0.0,0.0,7.75,0.0,0.0,1.0,0.0,1.0,0.0
200,0,male,28.0,0.0,0.0,9.5,0.0,0.0,1.0,0.0,0.0,1.0
134,0,male,25.0,0.0,0.0,13.0,0.0,1.0,0.0,0.0,0.0,1.0
27,0,male,19.0,3.0,2.0,263.0,1.0,0.0,0.0,0.0,0.0,1.0
847,0,male,35.0,0.0,0.0,7.8958,0.0,0.0,1.0,1.0,0.0,0.0
230,1,female,35.0,1.0,0.0,83.475,1.0,0.0,0.0,0.0,0.0,1.0
489,1,male,9.0,1.0,1.0,15.9,0.0,0.0,1.0,0.0,0.0,1.0
378,0,male,20.0,0.0,0.0,4.0125,0.0,0.0,1.0,1.0,0.0,0.0
288,1,male,42.0,0.0,0.0,13.0,0.0,1.0,0.0,0.0,0.0,1.0
418,0,male,30.0,0.0,0.0,13.0,0.0,1.0,0.0,0.0,0.0,1.0
674,0,male,33.6,0.0,0.0,0.0,0.0,1.0,0.0,0.0,0.0,1.0
391,1,male,21.0,0.0,0.0,7.7958,0.0,0.0,1.0,0.0,0.0,1.0
592,0,male,47.0,0.0,0.0,7.25,0.0,0.0,1.0,0.0,0.0,1.0
498,0,female,25.0,1.0,2.0,151.55,1.0,0.0,0.0,0.0,0.0,1.0
138,0,male,16.0,0.0,0.0,9.2167,0.0,0.0,1.0,0.0,0.0,1.0
62,0,male,45.0,1.0,0.0,83.475,1.0,0.0,0.0,0.0,0.0,1.0
471,0,male,38.0,0.0,0.0,8.6625,0.0,0.0,1.0,0.0,0.0,1.0
647,1,male,56.0,0.0,0.0,35.5,1.0,0.0,0.0,1.0,0.0,0.0
128,1,female,17.6,1.0,1.0,22.3583,0.0,0.0,1.0,1.0,0.0,0.0
867,0,male,31.0,0.0,0.0,50.4958,1.0,0.0,0.0,0.0,0.0,1.0
520,1,female,30.0,0.0,0.0,93.5,1.0,0.0,0.0,0.0,0.0,1.0
64,0,male,44.1,0.0,0.0,27.7208,1.0,0.0,0.0,1.0,0.0,0.0
14,0,female,14.0,0.0,0.0,7.8542,0.0,0.0,1.0,0.0,0.0,1.0
156,1,female,16.0,0.0,0.0,7.7333,0.0,0.0,1.0,0.0,1.0,0.0
40,0,female,40.0,1.0,0.0,9.475,0.0,0.0,1.0,0.0,0.0,1.0
492,0,male,55.0,0.0,0.0,30.5,1.0,0.0,0.0,0.0,0.0,1.0
379,0,male,19.0,0.0,0.0,7.775,0.0,0.0,1.0,0.0,0.0,1.0
187,1,male,45.0,0.0,0.0,26.55,1.0,0.0,0.0,0.0,0.0,1.0
763,1,female,36.0,1.0,2.0,120.0,1.0,0.0,0.0,0.0,0.0,1.0
216,1,female,27.0,0.0,0.0,7.925,0.0,0.0,1.0,0.0,0.0,1.0
52,1,female,49.0,1.0,0.0,76.7292,1.0,0.0,0.0,1.0,0.0,0.0
337,1,female,41.0,0.0,0.0,134.5,1.0,0.0,0.0,1.0,0.0,0.0
748,0,male,19.0,1.0,0.0,53.1,1.0,0.0,0.0,0.0,0.0,1.0
719,0,male,33.0,0.0,0.0,7.775,0.0,0.0,1.0,0.0,0.0,1.0
724,1,male,27.0,1.0,0.0,53.1,1.0,0.0,0.0,0.0,0.0,1.0
295,0,male,44.1,0.0,0.0,27.7208,1.0,0.0,0.0,1.0,0.0,0.0
701,1,male,35.0,0.0,0.0,26.2875,1.0,0.0,0.0,0.0,0.0,1.0
251,0,female,29.0,1.0,1.0,10.4625,0.0,0.0,1.0,0.0,0.0,1.0
726,1,female,30.0,3.0,0.0,21.0,0.0,1.0,0.0,0.0,0.0,1.0
461,0,male,34.0,0.0,0.0,8.05,0.0,0.0,1.0,0.0,0.0,1.0
455,1,male,29.0,0.0,0.0,7.8958,0.0,0.0,1.0,1.0,0.0,0.0
887,1,female,19.0,0.0,0.0,30.0,1.0,0.0,0.0,0.0,0.0,1.0
269,1,female,35.0,0.0,0.0,135.6333,1.0,0.0,0.0,0.0,0.0,1.0
201,0,male,37.2,8.0,2.0,69.55,0.0,0.0,1.0,0.0,0.0,1.0
161,1,female,40.0,0.0,0.0,15.75,0.0,1.0,0.0,0.0,0.0,1.0
555,0,male,62.0,0.0,0.0,26.55,1.0,0.0,0.0,0.0,0.0,1.0
729,0,female,25.0,1.0,0.0,7.925,0.0,0.0,1.0,0.0,0.0,1.0
401,0,male,26.0,0.0,0.0,8.05,0.0,0.0,1.0,0.0,0.0,1.0
702,0,female,18.0,0.0,1.0,14.4542,0.0,0.0,1.0,1.0,0.0,0.0
476,0,male,34.0,1.0,0.0,21.0,0.0,1.0,0.0,0.0,0.0,1.0
771,0,male,48.0,0.0,0.0,7.8542,0.0,0.0,1.0,0.0,0.0,1.0
105,0,male,28.0,0.0,0.0,7.8958,0.0,0.0,1.0,0.0,0.0,1.0
565,0,male,24.0,2.0,0.0,24.15,0.0,0.0,1.0,0.0,0.0,1.0
389,1,female,17.0,0.0,0.0,12.0,0.0,1.0,0.0,1.0,0.0,0.0
1,1,female,38.0,1.0,0.0,71.2833,1.0,0.0,0.0,1.0,0.0,0.0
832,0,male,22.7,0.0,0.0,7.2292,0.0,0.0,1.0,1.0,0.0,0.0
561,0,male,40.0,0.0,0.0,7.8958,0.0,0.0,1.0,0.0,0.0,1.0
80,0,male,22.0,0.0,0.0,9.0,0.0,0.0,1.0,0.0,0.0,1.0
205,0,female,2.0,0.0,1.0,10.4625,0.0,0.0,1.0,0.0,0.0,1.0
34,0,male,28.0,1.0,0.0,82.1708,1.0,0.0,0.0,1.0,0.0,0.0
775,0,male,18.0,0.0,0.0,7.75,0.0,0.0,1.0,0.0,0.0,1.0
508,0,male,28.0,0.0,0.0,22.525,0.0,0.0,1.0,0.0,0.0,1.0
427,1,female,19.0,0.0,0.0,26.0,0.0,1.0,0.0,0.0,0.0,1.0
454,0,male,37.0,0.0,0.0,8.05,0.0,0.0,1.0,0.0,0.0,1.0
366,1,female,60.0,1.0,0.0,75.25,1.0,0.0,0.0,1.0,0.0,0.0
91,0,male,20.0,0.0,0.0,7.8542,0.0,0.0,1.0,0.0,0.0,1.0
339,0,male,45.0,0.0,0.0,35.5,1.0,0.0,0.0,0.0,0.0,1.0
564,0,female,37.0,0.0,0.0,8.05,0.0,0.0,1.0,0.0,0.0,1.0
345,1,female,24.0,0.0,0.0,13.0,0.0,1.0,0.0,0.0,0.0,1.0
776,0,male,28.8,0.0,0.0,7.75,0.0,0.0,1.0,0.0,1.0,0.0
241,1,female,27.6,1.0,0.0,15.5,0.0,0.0,1.0,0.0,1.0,0.0
13,0,male,39.0,1.0,5.0,31.275,0.0,0.0,1.0,0.0,0.0,1.0
315,1,female,26.0,0.0,0.0,7.8542,0.0,0.0,1.0,0.0,0.0,1.0
600,1,female,24.0,2.0,1.0,27.0,0.0,1.0,0.0,0.0,0.0,1.0
387,1,female,36.0,0.0,0.0,13.0,0.0,1.0,0.0,0.0,0.0,1.0
273,0,male,37.0,0.0,1.0,29.7,1.0,0.0,0.0,1.0,0.0,0.0
166,1,female,34.2,0.0,1.0,55.0,1.0,0.0,0.0,0.0,0.0,1.0
883,0,male,28.0,0.0,0.0,10.5,0.0,1.0,0.0,0.0,0.0,1.0
646,0,male,19.0,0.0,0.0,7.8958,0.0,0.0,1.0,0.0,0.0,1.0
818,0,male,43.0,0.0,0.0,6.45,0.0,0.0,1.0,0.0,0.0,1.0
484,1,male,25.0,1.0,0.0,91.0792,1.0,0.0,0.0,1.0,0.0,0.0
873,0,male,47.0,0.0,0.0,9.0,0.0,0.0,1.0,0.0,0.0,1.0
504,1,female,16.0,0.0,0.0,86.5,1.0,0.0,0.0,0.0,0.0,1.0
831,1,male,0.83,1.0,1.0,18.75,0.0,1.0,0.0,0.0,0.0,1.0
243,0,male,22.0,0.0,0.0,7.125,0.0,0.0,1.0,0.0,0.0,1.0
566,0,male,19.0,0.0,0.0,7.8958,0.0,0.0,1.0,0.0,0.0,1.0
562,0,male,28.0,0.0,0.0,13.5,0.0,1.0,0.0,0.0,0.0,1.0
686,0,male,14.0,4.0,1.0,39.6875,0.0,0.0,1.0,0.0,0.0,1.0
189,0,male,36.0,0.0,0.0,7.8958,0.0,0.0,1.0,0.0,0.0,1.0
782,0,male,29.0,0.0,0.0,30.0,1.0,0.0,0.0,0.0,0.0,1.0
699,0,male,42.0,0.0,0.0,7.65,0.0,0.0,1.0,0.0,0.0,1.0
475,0,male,37.8,0.0,0.0,52.0,1.0,0.0,0.0,0.0,0.0,1.0
681,1,male,27.0,0.0,0.0,76.7292,1.0,0.0,0.0,1.0,0.0,0.0
510,1,male,29.0,0.0,0.0,7.75,0.0,0.0,1.0,0.0,1.0,0.0
58,1,female,5.0,1.0,2.0,27.75,0.0,1.0,0.0,0.0,0.0,1.0
474,0,female,22.0,0.0,0.0,9.8375,0.0,0.0,1.0,0.0,0.0,1.0
560,0,male,28.8,0.0,0.0,7.75,0.0,0.0,1.0,0.0,1.0,0.0
747,1,female,30.0,0.0,0.0,13.0,0.0,1.0,0.0,0.0,0.0,1.0
252,0,male,62.0,0.0,0.0,26.55,1.0,0.0,0.0,0.0,0.0,1.0
21,1,male,34.0,0.0,0.0,13.0,0.0,1.0,0.0,0.0,0.0,1.0
313,0,male,28.0,0.0,0.0,7.8958,0.0,0.0,1.0,0.0,0.0,1.0
459,0,male,28.8,0.0,0.0,7.75,0.0,0.0,1.0,0.0,1.0,0.0
160,0,male,44.0,0.0,1.0,16.1,0.0,0.0,1.0,0.0,0.0,1.0
276,0,female,45.0,0.0,0.0,7.75,0.0,0.0,1.0,0.0,0.0,1.0
191,0,male,19.0,0.0,0.0,13.0,0.0,1.0,0.0,0.0,0.0,1.0
385,0,male,18.0,0.0,0.0,73.5,0.0,1.0,0.0,0.0,0.0,1.0
805,0,male,31.0,0.0,0.0,7.775,0.0,0.0,1.0,0.0,0.0,1.0
413,0,male,33.6,0.0,0.0,0.0,0.0,1.0,0.0,0.0,0.0,1.0
491,0,male,21.0,0.0,0.0,7.25,0.0,0.0,1.0,0.0,0.0,1.0
343,0,male,25.0,0.0,0.0,13.0,0.0,1.0,0.0,0.0,0.0,1.0
769,0,male,32.0,0.0,0.0,8.3625,0.0,0.0,1.0,0.0,0.0,1.0
308,0,male,30.0,1.0,0.0,24.0,0.0,1.0,0.0,1.0,0.0,0.0
661,0,male,40.0,0.0,0.0,7.225,0.0,0.0,1.0,1.0,0.0,0.0
130,0,male,33.0,0.0,0.0,7.8958,0.0,0.0,1.0,1.0,0.0,0.0
663,0,male,36.0,0.0,0.0,7.4958,0.0,0.0,1.0,0.0,0.0,1.0
871,1,female,47.0,1.0,1.0,52.5542,1.0,0.0,0.0,0.0,0.0,1.0
99,0,male,34.0,1.0,0.0,26.0,0.0,1.0,0.0,0.0,0.0,1.0
372,0,male,19.0,0.0,0.0,8.05,0.0,0.0,1.0,0.0,0.0,1.0
87,0,male,37.0,0.0,0.0,8.05,0.0,0.0,1.0,0.0,0.0,1.0
458,1,female,50.0,0.0,0.0,10.5,0.0,1.0,0.0,0.0,0.0,1.0
330,1,female,29.6,2.0,0.0,23.25,0.0,0.0,1.0,0.0,1.0,0.0
214,0,male,23.6,1.0,0.0,7.75,0.0,0.0,1.0,0.0,1.0,0.0
466,0,male,33.6,0.0,0.0,0.0,0.0,1.0,0.0,0.0,0.0,1.0
121,0,male,37.0,0.0,0.0,8.05,0.0,0.0,1.0,0.0,0.0,1.0
614,0,male,35.0,0.0,0.0,8.05,0.0,0.0,1.0,0.0,0.0,1.0
20,0,male,35.0,0.0,0.0,26.0,0.0,1.0,0.0,0.0,0.0,1.0
700,1,female,18.0,1.0,0.0,227.525,1.0,0.0,0.0,1.0,0.0,0.0
71,0,female,16.0,5.0,2.0,46.9,0.0,0.0,1.0,0.0,0.0,1.0
106,1,female,21.0,0.0,0.0,7.65,0.0,0.0,1.0,0.0,0.0,1.0
270,0,male,39.0,0.0,0.0,31.0,1.0,0.0,0.0,0.0,0.0,1.0
860,0,male,41.0,2.0,0.0,14.1083,0.0,0.0,1.0,0.0,0.0,1.0
435,1,female,14.0,1.0,2.0,120.0,1.0,0.0,0.0,0.0,0.0,1.0
102,0,male,21.0,0.0,1.0,77.2875,1.0,0.0,0.0,0.0,0.0,1.0
